{"cameraMode":{"drawMode":0,"name":"Shaded","section":"Shading Mode"},"sceneLighting":false,"audioPlay":false,"sceneViewState":{"showFog":true,"showMaterialUpdate":false,"showSkybox":true,"showFlares":true,"showImageEffects":true,"showParticleSystems":true},"in2DMode":false,"pivot":{"x":-0.2686353027820587,"y":1.2709976434707642,"z":0.7734375},"rotation":{"x":-0.27994146943092348,"y":0.13820794224739076,"z":-0.0407632552087307,"w":-0.9491416215896606},"size":6.960322380065918,"orthographic":false}