{"cameraMode":{"drawMode":0,"name":"Shaded","section":"Shading Mode"},"sceneLighting":false,"audioPlay":false,"sceneViewState":{"showFog":true,"showMaterialUpdate":false,"showSkybox":true,"showFlares":true,"showImageEffects":true,"showParticleSystems":true},"in2DMode":false,"pivot":{"x":469.687744140625,"y":284.5357971191406,"z":-45.72056579589844},"rotation":{"x":-0.20895928144454957,"y":0.10742457211017609,"z":-0.02309896983206272,"w":-0.9717316627502441},"size":1185.727783203125,"orthographic":false}