{"cameraMode":{"drawMode":0,"name":"Shaded","section":"Shading Mode"},"sceneLighting":true,"audioPlay":false,"sceneViewState":{"showFog":true,"showMaterialUpdate":false,"showSkybox":true,"showFlares":true,"showImageEffects":true,"showParticleSystems":true},"in2DMode":false,"pivot":{"x":-41.2540168762207,"y":17.207679748535158,"z":6.18983793258667},"rotation":{"x":0.10386209934949875,"y":0.22416216135025025,"z":-0.024034317582845689,"w":0.9687035083770752},"size":40.20808410644531,"orthographic":false}