{"cameraMode":{"drawMode":0,"name":"Shaded","section":"Shading Mode"},"sceneLighting":false,"audioPlay":false,"sceneViewState":{"showFog":true,"showMaterialUpdate":false,"showSkybox":true,"showFlares":true,"showImageEffects":true,"showParticleSystems":true},"in2DMode":false,"pivot":{"x":557.4927978515625,"y":257.58721923828127,"z":-38.51976776123047},"rotation":{"x":-0.20895928144454957,"y":0.10742457211017609,"z":-0.02309896983206272,"w":-0.9717316627502441},"size":566.446044921875,"orthographic":false}